{"cameraMode":{"drawMode":0,"name":"Shaded","section":"Shading Mode"},"sceneLighting":true,"audioPlay":false,"sceneViewState":{"showFog":true,"showMaterialUpdate":false,"showSkybox":true,"showFlares":true,"showImageEffects":true,"showParticleSystems":true},"in2DMode":false,"pivot":{"x":8.411676406860352,"y":20.764875411987306,"z":-8.85383415222168},"rotation":{"x":-0.046711523085832599,"y":-0.9532626271247864,"z":0.20769645273685456,"w":-0.2144077569246292},"size":2.9334521293640138,"orthographic":false}